lon,lat,depth,pdf
-124.3,42.1,17.03685188290,2.59631884996345e-03
-124.2,42.1,18.97650527950,2.63545072483754e-03
-124.1,42.1,21.06258201600,2.63173561131220e-03
-124.0,42.1,23.34233856200,2.58277003175099e-03
-123.9,42.1,25.89683151250,2.48910985979526e-03
-123.8,42.1,28.83448219300,2.35453677678314e-03
-123.7,42.1,32.27085876460,2.18573043221528e-03
-123.6,42.1,36.29793548580,1.99176506517589e-03
-123.5,42.1,40.95199966430,1.78297562950169e-03
-123.4,42.1,46.19189834590,1.57004686094428e-03
-123.3,42.1,51.89660263060,1.36273006453377e-03
-123.2,42.1,57.88335037230,1.16905383696504e-03
-123.1,42.1,63.93936538700,9.94899662072209e-04
-123.0,42.1,69.85549926760,8.43624224130912e-04
-122.9,42.1,75.45189666750,7.16427438056859e-04
-122.8,42.1,80.59201812740,6.12620433458912e-04
-122.7,42.1,85.18879699710,5.30205925976210e-04
-122.6,42.1,89.21004486080,4.66438405328537e-04
-122.5,42.1,92.68856811520,4.18251345133640e-04
-122.4,42.1,95.73708343510,3.82605484963184e-04
-122.3,42.1,98.56189727780,3.56744371121830e-04
-124.3,42.2,17.08758544920,2.65003814906408e-03
-124.2,42.2,19.02101325990,2.69217946309736e-03
-124.1,42.2,21.09984207150,2.69057054035598e-03
-124.0,42.2,23.37055778500,2.64261227345597e-03
-123.9,42.2,25.91514968870,2.54874341742502e-03
-123.8,42.2,28.84516906740,2.41270778679260e-03
-123.7,42.2,32.28120040890,2.24121595407672e-03
-123.6,42.2,36.32091522220,2.04347890475868e-03
-123.5,42.2,41.00514221190,1.83005629376242e-03
-123.4,42.2,46.29434585570,1.61189773933251e-03
-123.3,42.2,52.06510543820,1.39904831516395e-03
-123.2,42.2,58.12843704220,1.19982529450289e-03
-123.1,42.2,64.26281738280,1.02035958216772e-03
-123.0,42.2,70.24982452390,8.64197529779479e-04
-122.9,42.2,75.90175628660,7.32674558026930e-04
-122.8,42.2,81.07720947270,6.25158698574223e-04
-122.7,42.2,85.68804168700,5.39661240328190e-04
-122.6,42.2,89.70518493650,4.73403694629029e-04
-122.5,42.2,93.16889190670,4.23255781831748e-04
-122.4,42.2,96.20339965820,3.86101748702810e-04
-122.3,42.2,99.02989959720,3.59105574956706e-04
-124.3,42.3,17.15949249270,2.64764781833920e-03
-124.2,42.3,19.07502365110,2.69184560561057e-03
-124.1,42.3,21.13108825680,2.69242536589406e-03
-124.0,42.3,23.37258529660,2.64667929832553e-03
-123.9,42.3,25.88088989260,2.55490024573102e-03
-123.8,42.3,28.76875305180,2.42068425876064e-03
-123.7,42.3,32.16028976440,2.25062960568076e-03
-123.6,42.3,36.15884399410,2.05386940892599e-03
-123.5,42.3,40.81200790410,1.84091823506858e-03
-123.4,42.3,46.08639144900,1.62273486815768e-03
-123.3,42.3,51.86228942870,1.40941854346059e-03
-123.2,42.3,57.95074462890,1.20938633965074e-03
-123.1,42.3,64.12635040280,1.02886128251141e-03
-123.0,42.3,70.16394805910,8.71508499528784e-04
-122.9,42.3,75.86813354490,7.38760781862762e-04
-122.8,42.3,81.09114837650,6.30067033200428e-04
-122.7,42.3,85.74192047120,5.43494953809317e-04
-122.6,42.3,89.79314422610,4.76298283479749e-04
-122.5,42.3,93.29207611080,4.25359945028638e-04
-122.4,42.3,96.37467193600,3.87563009407117e-04
-122.3,42.3,99.27699279790,3.60058364968433e-04
-124.3,42.4,17.24406433110,2.58212592566791e-03
-124.2,42.4,19.13157844540,2.62714187672485e-03
-124.1,42.4,21.15171241760,2.62984004886503e-03
-124.0,42.4,23.34656333920,2.58747264498628e-03
-123.9,42.4,25.79469680790,2.50019076198779e-03
-123.8,42.4,28.60738945010,2.37135695396348e-03
-123.7,42.4,31.91011428830,2.20727905353463e-03
-123.6,42.4,35.81147003170,2.01676317685651e-03
-123.5,42.4,40.36811065670,1.80999660647040e-03
-123.4,42.4,45.55794525150,1.59766222645020e-03
-123.3,42.4,51.27209854130,1.38963725590867e-03
-123.2,42.4,57.32896423340,1.19419462041137e-03
-123.1,42.4,63.50500488280,1.01749827722341e-03
-123.0,42.4,69.57119750980,8.63218612595603e-04
-122.9,42.4,75.32438659670,7.32847791732845e-04
-122.8,42.4,80.60832214360,6.25927181847473e-04
-122.7,42.4,85.32601928710,5.40633037811368e-04
-122.6,42.4,89.44941711430,4.74324413583235e-04
-122.5,42.4,93.03088378910,4.23981676518218e-04
-122.4,42.4,96.21670532230,3.86570297224479e-04
-122.3,42.4,99.25615692140,3.59305574663572e-04
-124.3,42.5,17.33599853520,2.45170374852454e-03
-124.2,42.5,19.18698120120,2.49608290762525e-03
-124.1,42.5,21.16057777400,2.50064442302087e-03
-124.0,42.5,23.29456138610,2.46268003092781e-03
-123.9,42.5,25.66205215450,2.38220565577418e-03
-123.8,42.5,28.36956787110,2.26227452889646e-03
-123.7,42.5,31.54111289980,2.10873026732004e-03
-123.6,42.5,35.28950881960,1.92980293027208e-03
-123.5,42.5,39.68235397340,1.73507957897192e-03
-123.4,42.5,44.71391296390,1.53464648694305e-03
-123.3,42.5,50.29349899290,1.33787832797422e-03
-123.2,42.5,56.25479125980,1.15266250833679e-03
-123.1,42.5,62.38264083860,9.84915601156985e-04
-123.0,42.5,68.44790649410,8.38201336050930e-04
-122.9,42.5,74.24029541020,7.14020155222768e-04
-122.8,42.5,79.59323883060,6.12012462865875e-04
-122.7,42.5,84.40087890620,5.30509091905355e-04
-122.6,42.5,88.63112640380,4.67049699683021e-04
-122.5,42.5,92.33850860600,4.18797284524197e-04
-122.4,42.5,95.67655944820,3.82885153102492e-04
-122.3,42.5,98.90416717530,3.56674553614679e-04
-124.3,42.6,17.43748092650,2.26129897250758e-03
-124.2,42.6,19.24497222900,2.30351944576194e-03
-124.1,42.6,21.16371345520,2.30951554844480e-03
-124.0,42.6,23.22561645510,2.27671307823704e-03
-123.9,42.6,25.49563407900,2.20501630340232e-03
-123.8,42.6,28.07206916810,2.09709015846633e-03
-123.7,42.6,31.07423973080,1.95817729846150e-03
-123.6,42.6,34.61752319340,1.79571387580709e-03
-123.5,42.6,38.78145217900,1.61841342277406e-03
-123.4,42.6,43.58072662350,1.43549377605117e-03
-123.3,42.6,48.94942855830,1.25555060862467e-03
-123.2,42.6,54.74416351320,1.08585471809645e-03
-123.1,42.6,60.76509475710,9.31893088369603e-04
-123.0,42.6,66.78776550290,7.97009534559872e-04
-122.9,42.6,72.59682464600,6.82655901590519e-04
-122.8,42.6,78.01509857180,5.88571510276918e-04
-122.7,42.6,82.92585754390,5.13282240013225e-04
-122.6,42.6,87.29010009770,4.54570975263705e-04
-122.5,42.6,91.16091918950,4.09861439830246e-04
-122.4,42.6,94.69465637210,3.76536629864048e-04
-122.3,42.6,98.15431976320,3.52178948686299e-04
-124.3,42.7,17.55973625180,2.02286575100631e-03
-124.2,42.7,19.31822776790,2.06151572676262e-03
-124.1,42.7,21.17557525630,2.06839757946657e-03
-124.0,42.7,23.15658760070,2.04116310406067e-03
-123.9,42.7,25.31578254700,1.97962759569572e-03
-123.8,42.7,27.74020767210,1.88603278796230e-03
-123.7,42.7,30.54138755800,1.76490843998370e-03
-123.6,42.7,33.83508682250,1.62273366456719e-03
-123.5,42.7,37.71253204350,1.46714292881219e-03
-123.4,42.7,42.21115493770,1.30624556256072e-03
-123.3,42.7,47.29448318480,1.14764483214323e-03
-123.2,42.7,52.84830474850,9.97797907986358e-04
-123.1,42.7,58.69466400150,8.61606199441788e-04
-123.0,42.7,64.61945343020,7.42090552003250e-04
-122.9,42.7,70.40628051760,6.40601847868189e-04
-122.8,42.7,75.86936950680,5.56971260323588e-04
-122.7,42.7,80.88130187990,4.89943027854725e-04
-122.6,42.7,85.39451599120,4.37594386869228e-04
-122.5,42.7,89.45729064940,3.97669845811313e-04
-122.4,42.7,93.22351837160,3.67867565632713e-04
-122.3,42.7,96.95341491700,3.46052506411128e-04
-124.3,42.8,17.72108650210,1.75429166080317e-03
-124.2,42.8,19.42650604250,1.78824522644443e-03
-124.1,42.8,21.21726036070,1.79542186623600e-03
-124.0,42.8,23.11046218870,1.77376519952368e-03
-123.9,42.8,25.14888954160,1.72303145294010e-03
-123.8,42.8,27.40631866460,1.64503897397292e-03
-123.7,42.8,29.98401451110,1.54354046520451e-03
-123.6,42.8,32.99575424190,1.42396226809375e-03
-123.5,42.8,36.54290008540,1.29273424082141e-03
-123.4,42.8,40.68552398680,1.15671610854313e-03
-123.3,42.8,45.41846084590,1.02236578235664e-03
-123.2,42.8,50.66044998170,8.95192392230144e-04
-123.1,42.8,56.26067352290,7.79407986429587e-04
-123.0,42.8,62.02135849000,6.77631374189521e-04
-122.9,42.8,67.73085021970,5.91066053421963e-04
-122.8,42.8,73.19950866700,5.19619375433901e-04
-122.7,42.8,78.29209899900,4.62268195719924e-04
-122.6,42.8,82.95298767090,4.17407498578567e-04
-122.5,42.8,87.22319793700,3.83141332710351e-04
-122.4,42.8,91.24896240230,3.57524455155783e-04
-122.3,42.8,95.27999877930,3.38744703030667e-04
-124.3,42.9,17.94167137150,1.47656741273070e-03
-124.2,42.9,19.59162521360,1.50513231855401e-03
-124.1,42.9,21.31197738650,1.51206037061623e-03
-124.0,42.9,23.11242675780,1.49562062061648e-03
-123.9,42.9,25.02401733400,1.45555957387955e-03
-123.8,42.9,27.10669136050,1.39326996977698e-03
-123.7,42.9,29.45005989070,1.31174671179811e-03
-123.6,42.9,32.16366195680,1.21533707623029e-03
-123.5,42.9,35.35619735720,1.10923288955346e-03
-123.4,42.9,39.10777664180,9.98997795126898e-04
-123.3,42.9,43.44305801390,8.89888409632772e-04
-123.2,42.9,48.31428909300,7.86416475370493e-04
-123.1,42.9,53.60086441040,6.92042148364814e-04
-123.0,42.9,59.12677764890,6.08945723540685e-04
-122.9,42.9,64.69206237790,5.38150826839711e-04
-122.8,42.9,70.11030578610,4.79625118711104e-04
-122.7,42.9,75.24411010740,4.32569424323971e-04
-122.6,42.9,80.03264617920,3.95702697504796e-04
-122.5,42.9,84.50893402100,3.67496711625757e-04
-122.4,42.9,88.80701446530,3.46375614908949e-04
-122.3,42.9,93.15869903560,3.30865610792129e-04
-124.3,43.0,18.23587226870,1.21041040999500e-03
-124.2,43.0,19.83032417300,1.23340278440612e-03
-124.1,43.0,21.47869300840,1.23966663968238e-03
-124.0,43.0,23.18445777890,1.22781664316295e-03
-123.9,43.0,24.96830368040,1.19760068893091e-03
-123.8,43.0,26.87730789180,1.15004386575323e-03
-123.7,43.0,28.98926734920,1.08742068191551e-03
-123.6,43.0,31.40759468080,1.01307600798978e-03
-123.5,43.0,34.24463272090,9.31008449355111e-04
-123.4,43.0,37.59565734860,8.45538340388500e-04
-123.3,43.0,41.51046752930,7.60757499923731e-04
-123.2,43.0,45.97199249270,6.80200030733949e-04
-123.1,43.0,50.89019393920,6.06588704497380e-04
-123.0,43.0,56.11492156980,5.41652960397600e-04
-122.9,43.0,61.46501159670,4.86232191704847e-04
-122.8,43.0,66.76581573490,4.40333518119819e-04
-122.7,43.0,71.88559722900,4.03361199380600e-04
-122.6,43.0,76.76338195800,3.74339605031202e-04
-122.5,43.0,81.42533111570,3.52091716150513e-04
-122.4,43.0,85.99020385740,3.35397582670261e-04
-122.3,43.0,90.66558837890,3.23111719740330e-04
-124.3,43.1,18.60457038880,9.72690454738376e-04
-124.2,43.1,20.14695549010,9.90424527440650e-04
-124.1,43.1,21.72561264040,9.95810224574307e-04
-124.0,43.1,23.33969688420,9.87778850362871e-04
-123.9,43.1,25.00197601320,9.66101722612115e-04
-123.8,43.1,26.74886322020,9.31502569545621e-04
-123.7,43.1,28.64722251890,8.85628958418080e-04
-123.6,43.1,30.79291152950,8.30915882420143e-04
-123.5,43.1,33.29773712160,7.70323183524190e-04
-123.4,43.1,36.26571655270,7.07040811688644e-04
-123.3,43.1,39.76466369630,6.44118294894591e-04
-123.2,43.1,43.80246734620,5.84188839170607e-04
-123.1,43.1,48.31738662720,5.29304177459897e-04
-123.0,43.1,53.18728256230,4.80781574751516e-04
-122.9,43.1,58.25607299800,4.39271599483669e-04
-122.8,43.1,63.36959457400,4.04811164851024e-04
-122.7,43.1,68.41054534910,3.76982458300510e-04
-122.6,43.1,73.32437133790,3.55076990915906e-04
-122.5,43.1,78.13316345210,3.38233769606765e-04
-122.4,43.1,82.93913269040,3.25552619782811e-04
-122.3,43.1,87.92108154300,3.16184908302155e-04
-124.3,43.2,19.03002357480,7.74334565479289e-04
-124.2,43.2,20.52854919430,7.87536203384004e-04
-124.1,43.2,22.04561042790,7.92048899297422e-04
-124.0,43.2,23.57821655270,7.87086708625726e-04
-123.9,43.2,25.13412284850,7.72452344369844e-04
-123.8,43.2,26.74185371400,7.48618937953722e-04
-123.7,43.2,28.45882797240,7.16711902041375e-04
-123.6,43.2,30.37230873110,6.78425679108100e-04
-123.5,43.2,32.58935928340,6.35832759403972e-04
-123.4,43.2,35.21572494510,5.91178792817876e-04
-123.3,43.2,38.32887649540,5.46624372424178e-04
-123.2,43.2,41.95423889160,5.04048136336004e-04
-123.1,43.2,46.05405044560,4.64924890279931e-04
-123.0,43.2,50.53434753420,4.30213229277235e-04
-122.9,43.2,55.26874160770,4.00405690334011e-04
-122.8,43.2,60.13116073610,3.75556157270914e-04
-122.7,43.2,65.02710723880,3.55393868518311e-04
-122.6,43.2,69.91532897950,3.39438943287096e-04
-122.5,43.2,74.81771087650,3.27095659832121e-04
-122.4,43.2,79.82038116460,3.17736623461424e-04
-122.3,43.2,85.07109832760,3.10766130946636e-04
-124.3,43.3,19.47605514530,6.19851392215402e-04
-124.2,43.3,20.94461059570,6.29560423443921e-04
-124.1,43.3,22.41558456420,6.33458417915916e-04
-124.0,43.3,23.88573455810,6.30989955651077e-04
-123.9,43.3,25.36041259770,6.21978701383367e-04
-123.8,43.3,26.86286926270,6.06699721833046e-04
-123.7,43.3,28.44252967830,5.85870366194055e-04
-123.6,43.3,30.17726325990,5.60594539894085e-04
-123.5,43.3,32.16559982300,5.32236660894463e-04
-123.4,43.3,34.50844573970,5.02297541734867e-04
-123.3,43.3,37.28479766850,4.72227064560226e-04
-123.2,43.3,40.52987289430,4.43304368316040e-04
-123.1,43.3,44.22462463380,4.16543653904487e-04
-123.0,43.3,48.30180740360,3.92624662945723e-04
-122.9,43.3,52.66722869870,3.71914647933598e-04
-122.8,43.3,57.22835540770,3.54486194633405e-04
-122.7,43.3,61.92010116580,3.40193076058279e-04
-122.6,43.3,66.72052001950,3.28740625479658e-04
-122.5,43.3,71.65539550780,3.19751989454882e-04
-122.4,43.3,76.79667663570,3.12821335785509e-04
-122.3,43.3,82.26113128660,3.07557729020078e-04
-124.3,43.4,19.89468383790,5.08334362810037e-04
-124.2,43.4,21.35273933410,5.15809243068106e-04
-124.1,43.4,22.80068588260,5.19626189607785e-04
-124.0,43.4,24.23613357540,5.19380749730503e-04
-123.9,43.4,25.66372108460,5.14907503810183e-04
-123.8,43.4,27.10314750670,5.06316598893975e-04
-123.7,43.4,28.59679412840,4.94007617768132e-04
-123.6,43.4,30.21239089970,4.78626545968589e-04
-123.5,43.4,32.03693389890,4.61001157488101e-04
-123.4,43.4,34.16124725340,4.42063114695996e-04
-123.3,43.4,36.65922164920,4.22728692520034e-04
-123.2,43.4,39.56926727290,4.03827294429334e-04
-123.1,43.4,42.88596725460,3.86039578624500e-04
-123.0,43.4,46.56632995610,3.69844240820922e-04
-122.9,43.4,50.54875946040,3.55532457334721e-04
-122.8,43.4,54.77691268920,3.43208699820946e-04
-122.7,43.4,59.21902465820,3.32836601329842e-04
-122.6,43.4,63.87650299070,3.24279369172354e-04
-122.5,43.4,68.78265380860,3.17338197973724e-04
-122.4,43.4,73.99807739260,3.11785294345018e-04
-122.3,43.4,79.61068725590,3.07392170518171e-04
-124.3,43.5,20.23780822750,4.35596241478251e-04
-124.2,43.5,21.70882606510,4.42292685695509e-04
-124.1,43.5,23.16250991820,4.46870181069552e-04
-124.0,43.5,24.59734535220,4.49007581880907e-04
-123.9,43.5,26.01763534550,4.48512989512584e-04
-123.8,43.5,27.44001579280,4.45348814907557e-04
-123.7,43.5,28.89998054500,4.39650517546945e-04
-123.6,43.5,30.45441055300,4.31709764441463e-04
-123.5,43.5,32.17677688600,4.21945414342074e-04
-123.4,43.5,34.14450073240,4.10867215598961e-04
-123.3,43.5,36.42210388180,3.99009053180945e-04
-123.2,43.5,39.04665756230,3.86886535998084e-04
-123.1,43.5,42.02243423460,3.74957630234077e-04
-123.0,43.5,45.32789230350,3.63588236658060e-04
-122.9,43.5,48.93255233760,3.53048663178644e-04
-122.8,43.5,52.81605148320,3.43504301646742e-04
-122.7,43.5,56.98068237300,3.35032802166116e-04
-122.6,43.5,61.45284652710,3.27644571165363e-04
-122.5,43.5,66.27583312990,3.21296529363118e-04
-122.4,43.5,71.50226593020,3.15909350887311e-04
-122.3,43.5,77.19520568850,3.11386248545294e-04
-124.2,43.6,21.97855377200,4.04015563758061e-04
-124.1,43.6,23.46859550480,4.10581029554199e-04
-124.0,43.6,24.93862533570,4.15793492981942e-04
-123.9,43.6,26.39172172550,4.19383960823844e-04
-123.8,43.6,27.84076118470,4.21150118775930e-04
-123.7,43.6,29.31377601620,4.20983051156709e-04
-123.6,43.6,30.85618591310,4.18872944074446e-04
-123.5,43.6,32.52708435060,4.14918001255217e-04
-123.4,43.6,34.38926696780,4.09304853292997e-04
-123.3,43.6,36.49620437620,4.02301493499283e-04
-123.2,43.6,38.88159942630,3.94218800040779e-04
-123.1,43.6,41.55698776250,3.85403758799068e-04
-123.0,43.6,44.51959991460,3.76189060703993e-04
-122.9,43.6,47.76719665530,3.66895851475036e-04
-122.8,43.6,51.31258392330,3.57793892775876e-04
-122.7,43.6,55.18992233280,3.49108376388300e-04
-122.6,43.6,59.44973754880,3.41005277441696e-04
-122.5,43.6,64.14655303960,3.33597992677554e-04
-122.4,43.6,69.32864379880,3.26947312674306e-04
-122.3,43.6,75.03985595700,3.21071328322945e-04
-124.2,43.7,22.14596366880,3.96838720281944e-04
-124.1,43.7,23.69978523250,4.07093422407755e-04
-124.0,43.7,25.23668670650,4.16693075035362e-04
-123.9,43.7,26.75679588320,4.25221939490700e-04
-123.8,43.7,28.26776885990,4.32259101660573e-04
-123.7,43.7,29.78921890260,4.37431078155711e-04
-123.6,43.7,31.35475349430,4.40432629167964e-04
-123.5,43.7,33.00933074950,4.41068152724970e-04
-123.4,43.7,34.80174255370,4.39271516158172e-04
-123.3,43.7,36.77504348750,4.35116573632077e-04
-123.2,43.7,38.95965194700,4.28803056360287e-04
-123.1,43.7,41.37345886230,4.20658368732856e-04
-123.0,43.7,44.03007507320,4.11076612570082e-04
-122.9,43.7,46.95170211790,4.00511967374800e-04
-122.8,43.7,50.17958450320,3.89413455727471e-04
-122.7,43.7,53.77525329590,3.78201473271543e-04
-122.6,43.7,57.81056594850,3.67243513218971e-04
-122.5,43.7,62.35150527950,3.56833871962784e-04
-122.4,43.7,67.44589996340,3.47184057386663e-04
-122.3,43.7,73.12535858150,3.38428149471854e-04
-124.2,43.8,22.21610450740,4.18466482305589e-04
-124.1,43.8,23.85293769840,4.34666819638921e-04
-124.0,43.8,25.47868156430,4.50640169063113e-04
-123.9,43.8,27.08859634400,4.65726740785083e-04
-123.8,43.8,28.68352890010,4.79205111919973e-04
-123.7,43.8,30.27378273010,4.90366525058296e-04
-123.6,43.8,31.88124847410,4.98571614411846e-04
-123.5,43.8,33.53787612920,5.03318843820978e-04
-123.4,43.8,35.28037643430,5.04308667386426e-04
-123.3,43.8,37.14353561400,5.01471026882938e-04
-123.2,43.8,39.15605163570,4.94969675426681e-04
-123.1,43.8,41.34223175050,4.85205806763487e-04
-123.0,43.8,43.73002624510,4.72736266665494e-04
-122.9,43.8,46.36182022090,4.58252110503501e-04
-122.8,43.8,49.30152130130,4.42476261021300e-04
-122.7,43.8,52.63220977780,4.26112476098622e-04
-122.6,43.8,56.44316482540,4.09794872017436e-04
-122.5,43.8,60.81153106690,3.94052769361063e-04
-122.4,43.8,65.78886413570,3.79279890355879e-04
-122.3,43.8,71.40259552000,3.65745728172308e-04
-124.2,43.9,22.21129226680,4.68494406388816e-04
-124.1,43.9,23.93864250180,4.93470686789519e-04
-124.0,43.9,25.66168212890,5.18455373806917e-04
-123.9,43.9,27.36937141420,5.42426832052916e-04
-123.8,43.9,29.05464744570,5.64243205965658e-04
-123.7,43.9,30.71811294560,5.82752622407005e-04
-123.6,43.9,32.37054443360,5.96904809793447e-04
-123.5,43.9,34.03257370000,6.05840654487395e-04
-123.4,43.9,35.73133468630,6.09017420500687e-04
-123.3,43.9,37.49611663820,6.06252856457079e-04
-123.2,43.9,39.35600662230,5.97740379349262e-04
-123.1,43.9,41.34226226810,5.84053425981429e-04
-123.0,43.9,43.49539184570,5.66027130765142e-04
-122.9,43.9,45.87375259400,5.44719051635599e-04
-122.8,43.9,48.55802536010,5.21250203522305e-04
-122.7,43.9,51.64681625370,4.96714492793433e-04
-122.6,43.9,55.24266052250,4.72117121197618e-04
-122.5,43.9,59.43349838260,4.48286695982576e-04
-122.4,43.9,64.27896118160,4.25856259457210e-04
-122.3,43.9,69.81093597410,4.05258891257113e-04
-124.2,44.0,22.16323661800,5.47596651343550e-04
-124.1,44.0,23.97569847110,5.84658896809592e-04
-124.0,44.0,25.78987693790,6.21819568203036e-04
-123.9,44.0,27.58796119690,6.57544198742249e-04
-123.8,44.0,29.35478782650,6.90124884255160e-04
-123.7,44.0,31.08159637450,7.17838777530752e-04
-123.6,44.0,32.76912689210,7.39094731933436e-04
-123.5,44.0,34.42851257320,7.52624977818701e-04
-123.4,44.0,36.07976913450,7.57605101988789e-04
-123.3,44.0,37.74920272830,7.53764963186091e-04
-123.2,44.0,39.46824264530,7.41400487280004e-04
-123.1,44.0,41.27561569210,7.21353808023726e-04
-123.0,44.0,43.22291183470,6.94887973283675e-04
-122.9,44.0,45.38084030150,6.63564762087334e-04
-122.8,44.0,47.84172058110,6.29046647694773e-04
-122.7,44.0,50.71437072750,5.92967587529675e-04
-122.6,44.0,54.11096954350,5.56799924587300e-04
-122.5,44.0,58.13001251220,5.21773635770587e-04
-122.4,44.0,62.84335327150,4.88818911365102e-04
-122.3,44.0,68.29545593260,4.58568043750289e-04
-124.2,44.1,22.10453987120,6.56219304841132e-04
-124.1,44.1,23.98518180850,7.08941003330027e-04
-124.0,44.1,25.87149429320,7.61702966550213e-04
-123.9,44.1,27.73954772950,8.12306188373708e-04
-123.8,44.1,29.56691551210,8.58312046321590e-04
-123.7,44.1,31.33655929570,8.97269909785135e-04
-123.6,44.1,33.04053878780,9.26940220895052e-04
-123.5,44.1,34.68216323850,9.45540971338258e-04
-123.4,44.1,36.27614212040,9.51954164419887e-04
-123.3,44.1,37.84758758540,9.45842702217199e-04
-123.2,44.1,39.43156051640,9.27675614688052e-04
-123.1,44.1,41.07459259030,8.98697118136797e-04
-123.0,44.1,42.83828735350,8.60729633742005e-04
-122.9,44.1,44.80313491820,8.16012154611275e-04
-122.8,44.1,47.06941223140,7.66911069277007e-04
-122.7,44.1,49.75229644780,7.15724920801174e-04
-122.6,44.1,52.97090148930,6.64533383943280e-04
-122.5,44.1,56.83411407470,6.15053463871227e-04
-122.4,44.1,61.42920303340,5.68581001663249e-04
-122.3,44.1,66.81964111330,5.25985572935855e-04
-124.1,44.2,23.98630332950,8.64928896173513e-04
-124.0,44.2,25.91688156130,9.36594220262742e-04
-123.9,44.2,27.82579040530,1.00506065079033e-03
-123.8,44.2,29.68504905700,1.06699362177058e-03
-123.7,44.2,31.47098541260,1.11906955692488e-03
-123.6,44.2,33.16844177250,1.15828781256302e-03
-123.5,44.2,34.77413177490,1.18228537020600e-03
-123.4,44.2,36.29847335820,1.18961495857443e-03
-123.3,44.2,37.76618957520,1.17991244525137e-03
-123.2,44.2,39.21648788450,1.15391452020419e-03
-123.1,44.2,40.70381927490,1.11338870236807e-03
-123.0,44.2,42.29931259160,1.06087225309227e-03
-122.9,44.2,44.09205245970,9.99438124080632e-04
-122.8,44.2,46.18841934200,9.32309715848955e-04
-122.7,44.2,48.70787429810,8.62602966798556e-04
-122.6,44.2,51.77482223510,7.93110586473867e-04
-122.5,44.2,55.50809478760,7.26117804374304e-04
-122.4,44.2,60.01176452640,6.63337950087576e-04
-122.3,44.2,65.37160491940,6.05911749652149e-04
-124.1,44.3,23.99465179440,1.04791587915546e-03
-124.0,44.3,25.93790435790,1.14118664329383e-03
-123.9,44.3,27.85517692570,1.22990431717005e-03
-123.8,44.3,29.71517372130,1.30969181248605e-03
-123.7,44.3,31.48950767520,1.37624110852142e-03
-123.6,44.3,33.15718841550,1.42568414317397e-03
-123.5,44.3,34.70908737180,1.45503193832292e-03
-123.4,44.3,36.15155792240,1.46252262265004e-03
-123.3,44.3,37.50881576540,1.44780567356937e-03
-123.2,44.3,38.82408142090,1.41197163665407e-03
-123.1,44.3,40.15970230100,1.35746037500713e-03
-123.0,44.3,41.59648132320,1.28764675637909e-03
-122.9,44.3,43.23229217530,1.20658539939899e-03
-122.8,44.3,45.17966461180,1.11849979570089e-03
-122.7,44.3,47.56203079220,1.02742549163367e-03
-122.6,44.3,50.50832748410,9.36950112713996e-04
-122.5,44.3,54.14626312260,8.50003698161878e-04
-122.4,44.3,58.59558868410,7.68734647754136e-04
-122.3,44.3,63.96348953250,6.94574891620525e-04
-124.1,44.4,24.02201461790,1.24944757155545e-03
-124.0,44.4,25.94777488710,1.36599818306570e-03
-123.9,44.4,27.84270286560,1.47635187744804e-03
-123.8,44.4,29.67454719540,1.57499306237917e-03
-123.7,44.4,31.41212844850,1.65654289193283e-03
-123.6,44.4,33.02982711790,1.71622551902127e-03
-123.5,44.4,34.51303482060,1.75040795202452e-03
-123.4,44.4,35.86368179320,1.75704316126070e-03
-123.3,44.4,37.10475540160,1.73586681974013e-03
-123.2,44.4,38.28284454350,1.68843331829633e-03
-123.1,44.4,39.46809387210,1.61792022842239e-03
-123.0,44.4,40.75163650510,1.52870176831598e-03
-122.9,44.4,42.24144744870,1.42590532607357e-03
-122.8,44.4,44.05778503420,1.31484373531185e-03
-122.7,44.4,46.32917785640,1.20054022725746e-03
-122.6,44.4,49.18899154660,1.08743068097501e-03
-122.5,44.4,52.77190780640,9.79094667183230e-04
-122.4,44.4,57.20949172970,8.78139588782113e-04
-122.3,44.4,62.62500381470,7.86261360330739e-04
-124.1,44.5,24.07641220090,1.45781575055608e-03
-124.0,44.5,25.96015548710,1.59796469800021e-03
-123.9,44.5,27.80798721310,1.73004921878621e-03
-123.8,44.5,29.58880043030,1.84737244281095e-03
-123.7,44.5,31.27034950260,1.94347432954735e-03
-123.6,44.5,32.82338714600,2.01265041554811e-03
-123.5,44.5,34.22796249390,2.05068794890976e-03
-123.4,44.5,35.48095321660,2.05528492393306e-03
-123.3,44.5,36.60307312010,2.02635607086056e-03
-123.2,44.5,37.64334869380,1.96597536128450e-03
-123.1,44.5,38.67947387700,1.87818417433847e-03
-123.0,44.5,39.81373214720,1.76838903853011e-03
-122.9,44.5,41.16612625120,1.64287686252285e-03
-122.8,44.5,42.86713027950,1.50807333822271e-03
-122.7,44.5,45.05242156980,1.37000234347782e-03
-122.6,44.5,47.86010742190,1.23393412331813e-03
-122.5,44.5,51.42917251590,1.10408837343840e-03
-122.4,44.5,55.89685058590,9.83489253835446e-04
-122.3,44.5,61.39334106450,8.74062935188586e-04
-124.1,44.6,24.16155815120,1.65961408454285e-03
-124.0,44.6,25.98712730410,1.82222841892867e-03
-123.9,44.6,27.77171325680,1.97477916284266e-03
-123.8,44.6,29.48699569700,2.10943196057916e-03
-123.7,44.6,31.10103607180,2.21866187177387e-03
-123.6,44.6,32.58180236820,2.29593627013441e-03
-123.5,44.6,33.90412902830,2.33647856790193e-03
-123.4,44.6,35.05920028690,2.33784853163793e-03
-123.3,44.6,36.06435394290,2.30017244576059e-03
-123.2,44.6,36.96994400020,2.22615588912082e-03
-123.1,44.6,37.86067581180,2.12071191812294e-03
-123.0,44.6,38.85058212280,1.99032677453328e-03
-122.9,44.6,40.07353973390,1.84242790788599e-03
-122.8,44.6,41.67294311520,1.68451748290983e-03
-122.7,44.6,43.79404067990,1.52358808263440e-03
-122.6,44.6,46.58019638060,1.36568987873097e-03
-122.5,44.6,50.17168807980,1.21559797761625e-03
-122.4,44.6,54.70399856570,1.07670030136844e-03
-122.3,44.6,60.30286407470,9.51092301040931e-04
-124.1,44.7,24.27583694460,1.84157965433802e-03
-124.0,44.7,26.03643417360,2.02415766652784e-03
-123.9,44.7,27.75119400020,2.19469514456436e-03
-123.8,44.7,29.39563369750,2.34428357451625e-03
-123.7,44.7,30.93914604190,2.46446421496217e-03
-123.6,44.7,32.34766006470,2.54792673498160e-03
-123.5,44.7,33.59100341800,2.58948977007354e-03
-123.4,44.7,34.65427017210,2.58660587466146e-03
-123.3,44.7,35.55041122440,2.53972491383916e-03
-123.2,44.7,36.32986068730,2.45215416912166e-03
-123.1,44.7,37.08340835570,2.32972040726740e-03
-123.0,44.7,37.93679046630,2.17992764468285e-03
-122.9,44.7,39.03899765010,2.01128489583855e-03
-122.8,44.7,40.54860687260,1.83229450916538e-03
-122.7,44.7,42.62271499630,1.65080370952891e-03
-122.6,44.7,45.41056823730,1.47353223525167e-03
-122.5,44.7,49.05094146730,1.30572857415079e-03
-122.4,44.7,53.67018127440,1.15104062385161e-03
-122.3,44.7,59.37789916990,1.01166697385461e-03
-124.0,44.8,26.10907936100,2.19134545963036e-03
-123.9,44.8,27.75637054440,2.37644443840580e-03
-123.8,44.8,29.33321952820,2.53784740524943e-03
-123.7,44.8,30.81103324890,2.66628013988696e-03
-123.6,44.8,32.15439605710,2.75384070037719e-03
-123.5,44.8,33.32856750490,2.79499951423028e-03
-123.4,44.8,34.31241226200,2.78721978301637e-03
-123.3,44.8,35.11369705200,2.73126837904914e-03
-123.2,44.8,35.78159713750,2.63109807868491e-03
-123.1,44.8,36.41157150270,2.49334594283755e-03
-123.0,44.8,37.14022827150,2.32646552823092e-03
-122.9,44.8,38.13193511960,2.13991242696865e-03
-122.8,44.8,39.56184768680,1.94304335156593e-03
-122.7,44.8,41.60067749020,1.74443286588340e-03
-122.6,44.8,44.40423965450,1.55132315910272e-03
-122.5,44.8,48.10769653320,1.36930805692945e-03
-122.4,44.8,52.82213211060,1.20220581133603e-03
-122.3,44.8,58.63102340700,1.05224223148495e-03
-124.0,44.9,26.19816398620,2.31471839240696e-03
-123.9,44.9,27.78743934630,2.51035221362533e-03
-123.8,44.9,29.30672645570,2.68001431103578e-03
-123.7,44.9,30.72988510130,2.81381635545945e-03
-123.6,44.9,32.02082824710,2.90338681949396e-03
-123.5,44.9,33.14087295530,2.94299985281476e-03
-123.4,44.9,34.06285858150,2.93016124557878e-03
-123.3,44.9,34.78879547120,2.86599255896043e-03
-123.2,44.9,35.36524581910,2.75498818503922e-03
-123.1,44.9,35.89052581790,2.60452937399101e-03
-123.0,44.9,36.51049804690,2.42384581324175e-03
-122.9,44.9,37.40414428710,2.22316644808064e-03
-122.8,44.9,38.76356887820,2.01254292565843e-03
-122.7,44.9,40.77416992190,1.80107040901719e-03
-122.6,44.9,43.59899902340,1.59638271716916e-03
-122.5,44.9,47.36843490600,1.40428106372074e-03
-122.4,44.9,52.17421722410,1.22865563832249e-03
-122.3,44.9,58.06661224370,1.07169169839554e-03
-124.0,45.0,26.28940010070,2.38863468070003e-03
-123.9,45.0,27.83465576170,2.59044393958515e-03
-123.8,45.0,29.31075477600,2.76464403608459e-03
-123.7,45.0,30.69423866270,2.90091112642776e-03
-123.6,45.0,31.94903182980,2.99060491219617e-03
-123.5,45.0,33.03330993650,3.02788501680036e-03
-123.4,45.0,33.91434860230,3.01037888562124e-03
-123.3,45.0,34.58811569210,2.93949009034481e-03
-123.2,45.0,35.09729385380,2.82019705159768e-03
-123.1,45.0,35.54104232790,2.66041782091692e-03
-123.0,45.0,36.07232666020,2.47000045349170e-03
-122.9,45.0,36.88315582280,2.25972310221290e-03
-122.8,45.0,38.18198013310,2.04009774130402e-03
-122.7,45.0,40.16919708250,1.82057718535217e-03
-122.6,45.0,43.01562118530,1.60899569747911e-03
-122.5,45.0,46.84654617310,1.41124976010818e-03
-122.4,45.0,51.73245620730,1.23120150997299e-03
-122.3,45.0,57.68677139280,1.07094167634882e-03
-124.0,45.1,26.36310577390,2.41035245277599e-03
-123.9,45.1,27.88023185730,2.61381451916364e-03
-123.8,45.1,29.32929992680,2.78875408314700e-03
-123.7,45.1,30.68964767460,2.92467379875628e-03
-123.6,45.1,31.92585754390,3.01281143459736e-03
-123.5,45.1,32.99387359620,3.04735059330682e-03
-123.4,45.1,33.85612487790,3.02603083934947e-03
-123.3,45.1,34.50252151490,2.95051460895180e-03
-123.2,45.1,34.97085189820,2.82607881318342e-03
-123.1,45.1,35.35919189450,2.66103239274091e-03
-123.0,45.1,35.82524108890,2.46554226171097e-03
-122.9,45.1,36.57190322880,2.25072043047126e-03
-122.8,45.1,37.82263183590,2.02729875997052e-03
-122.7,45.1,39.79237747190,1.80485829347559e-03
-122.6,45.1,42.65985870360,1.59128467816403e-03
-122.5,45.1,46.54552459720,1.39243634448273e-03
-122.4,45.1,51.49848556520,1.21208506729423e-03
-122.3,45.1,57.49482345580,1.05218223712792e-03
-124.0,45.2,26.39731025700,2.37925898848854e-03
-123.9,45.2,27.90178108220,2.57975355621659e-03
-123.8,45.2,29.33958244320,2.75164248121224e-03
-123.7,45.2,30.69284439090,2.88445813693256e-03
-123.6,45.2,31.92739105220,2.96954078234338e-03
-123.5,45.2,32.99790573120,3.00118030638042e-03
-123.4,45.2,33.86285400390,2.97727098117918e-03
-123.3,45.2,34.50642013550,2.89962124775168e-03
-123.2,45.2,34.96086120610,2.77366615044193e-03
-123.1,45.2,35.32156372070,2.60781850906468e-03
-123.0,45.2,35.74868774410,2.41235698645499e-03
-122.9,45.2,36.45365524290,2.19839905543969e-03
-122.8,45.2,37.67295455930,1.97664972764107e-03
-122.7,45.2,39.63485717770,1.75661097968879e-03
-122.6,45.2,42.52553176880,1.54603680447692e-03
-122.5,45.2,46.46087646480,1.35063351713045e-03
-122.4,45.2,51.46963119510,1.17401457406976e-03
-122.3,45.2,57.49244308470,1.01797758399243e-03
-123.9,45.3,27.87670516970,2.48950621140395e-03
-123.8,45.3,29.31705856320,2.65454466963242e-03
-123.7,45.3,30.67735862730,2.78156253735006e-03
-123.6,45.3,31.92515182500,2.86217606608179e-03
-123.5,45.3,33.01481628420,2.89090428987700e-03
-123.4,45.3,33.90191650390,2.86579683662902e-03
-123.3,45.3,34.56555938720,2.78872195653915e-03
-123.2,45.3,35.03233337400,2.66507367929063e-03
-123.1,45.3,35.39376831050,2.50314307689037e-03
-123.0,45.3,35.81046676640,2.31298420367012e-03
-122.9,45.3,36.49983978270,2.10545020546703e-03
-122.8,45.3,37.70885467530,1.89094714054098e-03
-122.7,45.3,39.67695617680,1.67865673786583e-03
-122.6,45.3,42.59645843510,1.47604311019391e-03
-122.5,45.3,46.57861709590,1.28854704207003e-03
-122.4,45.3,51.63339614870,1.11956738047076e-03
-122.3,45.3,57.66960906980,9.70735546021369e-04
-123.9,45.4,27.78684997560,2.34662390994360e-03
-123.8,45.4,29.24075889590,2.50114993102915e-03
-123.7,45.4,30.61948776250,2.61975062748947e-03
-123.6,45.4,31.89268112180,2.69453553778505e-03
-123.5,45.4,33.01531600950,2.72036153455909e-03
-123.4,45.4,33.94124603270,2.69544461894500e-03
-123.3,45.4,34.64549636840,2.62161637792590e-03
-123.2,45.4,35.14930725100,2.50404762143999e-03
-123.1,45.4,35.53964996340,2.35063992109292e-03
-123.0,45.4,35.97573471070,2.17095071126105e-03
-122.9,45.4,36.67815399170,1.97526337655755e-03
-122.8,45.4,37.90103530880,1.77340236328111e-03
-122.7,45.4,39.89177703860,1.57401870958078e-03
-122.6,45.4,42.84648513790,1.38411694180724e-03
-122.5,45.4,46.87111282350,1.20876547212262e-03
-122.4,45.4,51.95874404910,1.05109178413863e-03
-122.3,45.4,57.99132919310,9.12561138183352e-04
-123.9,45.5,27.62268447880,2.15781629851473e-03
-123.8,45.5,29.09798622130,2.29849630711921e-03
-123.7,45.5,30.50349617000,2.40629977840849e-03
-123.6,45.5,31.81120872500,2.47398952273068e-03
-123.5,45.5,32.97756576540,2.49688931325751e-03
-123.4,45.5,33.95598220830,2.47338235761744e-03
-123.3,45.5,34.71870422360,2.40518682753531e-03
-123.2,45.5,35.28231811520,2.29708162536709e-03
-123.1,45.5,35.72883605960,2.15635171404897e-03
-123.0,45.5,36.21417617800,1.99178265611391e-03
-122.9,45.5,36.95879364010,1.81280995296264e-03
-122.8,45.5,38.21962738040,1.62844442371863e-03
-122.7,45.5,40.24753570560,1.44659532444990e-03
-122.6,45.5,43.23893356320,1.27364557330794e-03
-122.5,45.5,47.29337692260,1.11420195920776e-03
-122.4,45.5,52.38939666750,9.71078384144935e-04
-122.3,45.5,58.38843536380,8.45565069355900e-04
-123.9,45.6,27.38607406620,1.93345712360155e-03
-123.8,45.6,28.88744735720,2.05761229761661e-03
-123.7,45.6,30.32502746580,2.15267280082240e-03
-123.6,45.6,31.67332649230,2.21222506980174e-03
-123.5,45.6,32.89107894900,2.23213477120120e-03
-123.4,45.6,33.93262863160,2.21097500219592e-03
-123.3,45.6,34.76889801030,2.15029607992851e-03
-123.2,45.6,35.41276168820,2.05433899438716e-03
-123.1,45.6,35.94091033940,1.92958720982166e-03
-123.0,45.6,36.50379180910,1.78383730771287e-03
-122.9,45.6,37.31759643550,1.62546442623464e-03
-122.8,45.6,38.63652038570,1.46246022111203e-03
-122.7,45.6,40.70906829830,1.30182116389776e-03
-122.6,45.6,43.72756195070,1.14919163109824e-03
-122.5,45.6,47.78382873540,1.00862966694624e-03
-122.4,45.6,52.84499740600,8.82605113206483e-04
-122.3,45.6,58.75997161870,7.72234374131035e-04
-123.9,45.7,27.09081649780,1.68734730933349e-03
-123.8,45.7,28.61997222900,1.79325744018882e-03
-123.7,45.7,30.09194755550,1.87432444478586e-03
-123.6,45.7,31.48393249510,1.92506050596654e-03
-123.5,45.7,32.75773620610,1.94193030810887e-03
-123.4,45.7,33.86999893190,1.92372470568386e-03
-123.3,45.7,34.79185485840,1.87176024152627e-03
-123.2,45.7,35.53343200680,1.78967620296019e-03
-123.1,45.7,36.16562271120,1.68302216059449e-03
-123.0,45.7,36.83077621460,1.55847674550710e-03
-122.9,45.7,37.73584365840,1.42319576611562e-03
-122.8,45.7,39.12562561040,1.28402487482524e-03
-122.7,45.7,41.23942184450,1.14693776901882e-03
-122.6,45.7,44.26044464110,1.01675732839735e-03
-122.5,45.7,48.27168655400,8.96949671387728e-04
-122.4,45.7,53.23302459720,7.89607943704614e-04
-122.3,45.7,58.99041366580,6.95683324400150e-04
-123.9,45.8,26.76051902770,1.43537406508877e-03
-123.8,45.8,28.31647682190,1.52249003776659e-03
-123.7,45.8,29.82238960270,1.58916737731396e-03
-123.6,45.8,31.25826263430,1.63089178611623e-03
-123.5,45.8,32.58972930910,1.64475529695143e-03
-123.4,45.8,33.77700424190,1.62974985648727e-03
-123.3,45.8,34.79288864140,1.58696962106842e-03
-123.2,45.8,35.64562225340,1.51940162455409e-03
-123.1,45.8,36.39962768550,1.43161210411798e-03
-123.0,45.8,37.18616485600,1.32910943054045e-03
-122.9,45.8,38.19747543330,1.21778693839277e-03
-122.8,45.8,39.66174316410,1.10327345008879e-03
-122.7,45.8,41.80179595950,9.90501001729079e-04
-122.6,45.8,44.78668975830,8.83435211054736e-04
-122.5,45.8,48.68995285030,7.84931068789161e-04
-122.4,45.8,53.46927642820,6.96710348170305e-04
-122.3,45.8,58.97822189330,6.19550938994070e-04
-123.8,45.9,28.00363159180,1.26217202286209e-03
-123.7,45.9,29.54046249390,1.31496326110648e-03
-123.6,45.9,31.01764678960,1.34801293028532e-03
-123.5,45.9,32.40525817870,1.35901078473363e-03
-123.4,45.9,33.66819000240,1.34715967720760e-03
-123.3,45.9,34.78213119510,1.31331841581799e-03
-123.2,45.9,35.75411224370,1.25985159296985e-03
-123.1,45.9,36.64131546020,1.19037220216413e-03
-123.0,45.9,37.56096649170,1.10923659290883e-03
-122.9,45.9,38.68531036380,1.02111534441527e-03
-122.8,45.9,40.21905517580,9.30459982424514e-04
-122.7,45.9,42.36180877690,8.41181028008101e-04
-122.6,45.9,45.26407241820,7.56421657746102e-04
-122.5,45.9,48.98985290530,6.78445251341242e-04
-122.4,45.9,53.50001525880,6.08616513764886e-04
-122.3,45.9,58.66594314580,5.47554099790327e-04
-123.8,46.0,27.70840644840,1.02657760842124e-03
-123.7,46.0,29.27088928220,1.06676299531479e-03
-123.6,46.0,30.78420639040,1.09193331302021e-03
-123.5,46.0,32.22329711910,1.10033631894323e-03
-123.4,46.0,33.55849838260,1.09135531183052e-03
-123.3,46.0,34.76931762700,1.06564772984450e-03
-123.2,46.0,35.86206054690,1.02500099745549e-03
-123.1,46.0,36.88603591920,9.72166429953236e-04
-123.0,46.0,37.94208908080,9.10447920282576e-04
-122.9,46.0,39.17828750610,8.43401846899212e-04
-122.8,46.0,40.77046203610,7.74413974676853e-04
-122.7,46.0,42.88981628420,7.06464865861183e-04
-122.6,46.0,45.66511917110,6.41944980794520e-04
-122.5,46.0,49.15131759640,5.82579397959480e-04
-122.4,46.0,53.31712341310,5.29413343117876e-04
-122.3,46.0,58.05997467040,4.82918845945434e-04
-123.8,46.1,27.45308303830,8.25354859184781e-04
-123.7,46.1,29.03408813480,8.54747307541136e-04
-123.6,46.1,30.57608032230,8.73173000375905e-04
-123.5,46.1,32.05898284910,8.79343984757817e-04
-123.4,46.1,33.45898818970,8.72811802868083e-04
-123.3,46.1,34.75991821290,8.54049484288386e-04
-123.2,46.1,35.96774291990,8.24367405766773e-04
-123.1,46.1,37.12369155880,7.85759435318776e-04
-123.0,46.1,38.31103134160,7.40651881766713e-04
-122.9,46.1,39.65136337280,6.91634168220255e-04
-122.8,46.1,41.28866195680,6.41186107728459e-04
-122.7,46.1,43.36292266850,5.91479847834458e-04
-122.6,46.1,45.97968673710,5.44272917672319e-04
-122.5,46.1,49.18550491330,5.00824300675933e-04
-122.4,46.1,52.96000671390,4.61906090890034e-04
-122.3,46.1,57.23140335080,4.27863931729883e-04
-123.8,46.2,27.25209617610,6.62765540964500e-04
-123.7,46.2,28.84309577940,6.83432578537533e-04
-123.6,46.2,30.40448379520,6.96399247802281e-04
-123.5,46.2,31.92101287840,7.00756523149127e-04
-123.4,46.2,33.37467193600,6.96188554656776e-04
-123.3,46.2,34.75377655030,6.83025079829171e-04
-123.2,46.2,36.06427383420,6.62188224895552e-04
-123.1,46.2,37.33971786500,6.35073590069486e-04
-123.0,46.2,38.64605712890,6.03379737809126e-04
-122.9,46.2,40.07850646970,5.68926932088550e-04
-122.8,46.2,41.74909210210,5.33457527543181e-04
-122.7,46.2,43.76653671260,4.98500222978663e-04
-122.6,46.2,46.21340179440,4.65286948817876e-04
-122.5,46.2,49.12850570680,4.34711954282517e-04
-122.4,46.2,52.50321578980,4.07312049992143e-04
-122.3,46.2,56.29693984990,3.83338999303334e-04
-123.8,46.3,27.11141777040,5.38183073806612e-04
-123.7,46.3,28.70296096800,5.52172637600280e-04
-123.6,46.3,30.27327728270,5.60950386053395e-04
-123.5,46.3,31.81150245670,5.63909515129861e-04
-123.4,46.3,33.30502319340,5.60834628422854e-04
-123.3,46.3,34.74649047850,5.51948704959321e-04
-123.2,46.3,36.14215850830,5.37865677734450e-04
-123.1,46.3,37.51887893680,5.19535994387700e-04
-123.0,46.3,38.92702484130,4.98104871275919e-04
-122.9,46.3,40.43773651120,4.74797183930027e-04
-122.8,46.3,42.13372802730,4.50794645274070e-04
-122.7,46.3,44.09493637080,4.27128945305973e-04
-122.6,46.3,46.38272476200,4.04636866430439e-04
-122.5,46.3,49.02862167360,3.83921583395298e-04
-122.4,46.3,52.03430938720,3.65351552284898e-04
-122.3,46.3,55.38670730590,3.49096933020201e-04
